,index,time,rate
0,26,41606.0,0.407624633431085
1,30,475631.0,0.6
2,4,45758.0,0.211734693877551
3,43,2254.0,0.1521035598705501
4,61,7606.0,0.1806020066889632
5,62,54721.0,1.0
6,67,3567.0,0.2382550335570469
7,68,34981.0,0.2315436241610738
8,75,13335.0,0.2297297297297297
