objective value,selected_test_case_num,decomposing,access,extime,embedding_time,qubit_num
0.0439289036975521,104.0,1.8166259620338676,0.16659062,1.9832165820338676,17.738294405694965,124.33333333333333
