objective value,selected_test_case_num,decomposing,access,extime,embedding_time,qubit_num
0.0390438891760176,98.0,1.1872779354453085,0.14566988,1.3329478154453085,720.4158002672223,1266.0
