objective value,selected_test_case_num,decomposing,access,extime,embedding_time,qubit_num
0.0158012707443153,10.0,8.012300126254559,1.5544677900000001,9.566767916254559,1941.6676038483306,627.1063829787234
