objective value,selected_test_case_num,decomposing,access,extime,embedding_time,qubit_num
0.0276921321079071,20.0,0.1242003981024025,0.12641667999999998,0.25061707810240247,24.973227381177967,213.75
