objective value,selected_test_case_num,embedding_time,extime,qubit_num
0.0411406009690725,472.0,8386.631385152215,1.0840567899999998,2625.4814814814813
