objective value,selected_test_case_num,embedding_time,extime,qubit_num
0.0103466380852696,50.0,1006.1640283131135,0.18799504999999997,1463.2
