objective value,selected_test_case_num,decomposing,access,extime,embedding_time,qubit_num
0.0545300829317755,571.0,126.56174283288419,0.3755204399999999,126.9372632728842,317.3662667105022,461.5
