objective value,selected_test_case_num,embedding_time,extime,qubit_num
0.0396144020736291,464.0,7214.672114423475,1.19519467,1930.9354838709678
