objective value,selected_test_case_num,decomposing,access,extime,embedding_time,qubit_num
0.0507650172261868,544.0,83.14187245443463,0.30784416000000003,83.44971661443464,1830.9415795413163,1825.875
