objective value,selected_test_case_num,decomposing,access,extime,embedding_time,qubit_num
0.054904733810553,574.0,70.78818780183792,0.28107818999999995,71.06926599183792,2492.7478354420355,2222.0
