objective value,selected_test_case_num,embedding_time,extime,qubit_num
0.0046797981950186,33.0,527.3513785474573,0.25134218999999997,1049.857142857143
