objective value,selected_test_case_num,embedding_time,extime,qubit_num
0.0042894137395805,32.0,860.159336181582,0.25168219000000003,1057.0
