objective value,selected_test_case_num,decomposing,access,extime,embedding_time,qubit_num
0.0217442891598282,18.0,0.16036134585738168,0.12309267999999998,0.28345402585738166,75.74625177612131,458.75
