objective value,selected_test_case_num,embedding_time,extime,qubit_num
0.0002161992266911,2.0,159.06806585590027,0.6043057699999999,121.9047619047619
