objective value,selected_test_case_num,embedding_time,extime,qubit_num
0.0347862209359187,384.0,11815.842414366924,0.9658165100000001,3517.9565217391305
