objective value,selected_test_case_num,decomposing,access,extime,embedding_time,qubit_num
0.0530935452713738,560.0,103.36987546272576,0.34877929999999996,103.71865476272576,766.7406492496325,828.5
