objective value,selected_test_case_num,embedding_time,extime,qubit_num
0.0045452418902874,33.0,613.2481691557593,0.27577855999999995,839.75
