objective value,selected_test_case_num,embedding_time,extime,qubit_num
0.0259812106977,300.0,1391.1249714017808,2.3749077200000004,329.0131578947368
