,index,time,rate
0,11,8620.0,0.3005464480874317
1,30,475631.0,0.6
2,62,54721.0,1.0
3,84,126187.0,1.0
4,77,15493.0,0.7272727272727273
5,80,29406.0,0.7043010752688172
6,34,36002.0,0.228125
7,86,78821.0,0.6428571428571429
