objective value,selected_test_case_num,embedding_time,extime,qubit_num
0.0124331983973243,8.0,39.88915283623108,0.09436791,330.3333333333333
