objective value,selected_test_case_num,embedding_time,extime,qubit_num
0.0402935964600751,463.0,9257.363591655418,1.03204085,2943.92
