objective value,selected_test_case_num,embedding_time,extime,qubit_num
0.0263048055916143,287.0,1295.9921214624894,2.32927012,331.7894736842105
