,index,time,rate
0,281,4851.172727272728,0.8454545454545455
1,286,17009.0,1.0
2,280,5241.880733944954,0.8440366972477065
