objective value,selected_test_case_num,embedding_time,extime,qubit_num
0.0001847288358087,3.0,179.81513454268128,0.8872754399999999,54.75
