objective value,selected_test_case_num,decomposing,access,extime,embedding_time,qubit_num
0.015690779107639,62.0,1.4293023608624935,0.16826748,1.5975698408624934,2269.9448454967746,3360.25
