objective value,selected_test_case_num,embedding_time,extime,qubit_num
0.0060941742423844,38.0,988.0542143298394,0.25023499,1034.4285714285713
