objective value,selected_test_case_num,decomposing,access,extime,embedding_time,qubit_num
0.0530140901676277,554.0,114.84101666137576,0.34821806999999994,115.18923473137576,440.54264100675334,635.2727272727273
