objective value,selected_test_case_num,embedding_time,extime,qubit_num
0.035427355509845,424.0,2604.584566554393,1.7984819800000003,629.574074074074
