,index,time,rate
0,84,126187.0,1.0
1,30,475631.0,0.6
2,62,54721.0,1.0
3,77,15493.0,0.7272727272727273
4,64,7104.0,0.23
5,80,29406.0,0.7043010752688172
