objective value,selected_test_case_num,embedding_time,extime,qubit_num
0.0124567224535428,6.0,41.0383867422821,0.27972729999999996,55.7
