,index,time,rate
0,10,19658.0,0.1825613079019073
1,14,43986.0,0.1895604395604395
2,26,41606.0,0.407624633431085
3,35,21587.0,0.1373801916932907
4,38,32833.0,0.1485148514851485
5,52,40509.0,0.1495016611295681
6,56,30219.0,0.1766666666666666
7,72,35769.0,0.2289562289562289
8,76,14507.0,0.2331081081081081
9,8,21643.0,0.1989247311827957
10,84,126187.0,1.0
11,86,78821.0,0.6428571428571429
