objective value,selected_test_case_num,embedding_time,extime,qubit_num
0.0177343125315347,12.0,55.29272399487732,0.03589476999999999,1005.0
