objective value,selected_test_case_num,decomposing,access,extime,embedding_time,qubit_num
0.0513240710516647,535.0,82.6501942705363,0.30474456,82.9549388305363,1619.7810414063665,1596.875
