objective value,selected_test_case_num,decomposing,access,extime,embedding_time,qubit_num
0.0557587359900596,575.0,217.19065114483237,0.593733,217.78438414483236,59.57556679622365,121.65
