objective value,selected_test_case_num,decomposing,access,extime,embedding_time,qubit_num
0.0254068750864874,79.0,1.3147028032690287,0.15869067999999997,1.4733934832690285,752.3343083260627,2096.5
