objective value,selected_test_case_num,embedding_time,extime,qubit_num
0.0010713988174474,14.0,1166.9499845403723,0.12683631,3649.6666666666665
