objective value,selected_test_case_num,decomposing,access,extime,embedding_time,qubit_num
0.0274205144693877,82.0,1.4992305226624012,0.15988665000000002,1.6591171726624012,138.2760208666285,479.0
