objective value,selected_test_case_num,decomposing,access,extime,embedding_time,qubit_num
0.0487284387104812,516.0,71.18972953781486,0.29050698999999996,71.48023652781485,1672.3706260963088,3263.0
