objective value,selected_test_case_num,decomposing,access,extime,embedding_time,qubit_num
0.0293822767433907,85.0,2.170083476230502,0.21041978999999997,2.380503266230502,176.03024938784515,477.0
