objective value,selected_test_case_num,embedding_time,extime,qubit_num
0.0306906738828017,371.0,1776.5740730370185,1.99064211,461.8888888888889
