objective value,selected_test_case_num,embedding_time,extime,qubit_num
0.0456033139093147,520.0,3715.729995502944,1.2885417799999996,1563.4411764705883
