objective value,selected_test_case_num,embedding_time,extime,qubit_num
0.0128145448583311,9.0,41.67489944647522,0.27856529999999996,55.7
