objective value,selected_test_case_num,decomposing,access,extime,embedding_time,qubit_num
0.0610246961264968,622.0,216.5801319554448,0.5737441999999999,217.1538761554448,55.00822363997118,124.35
