objective value,selected_test_case_num,embedding_time,extime,qubit_num
0.0431483873661937,502.0,3213.2761332855243,1.5065119399999995,1056.7619047619048
