,T333,T334,T335,T336,T337,T338,T339,T340,T341,T550,chain_break_fraction,energy,num_occurrences
0,0,0,0,0,0,0,0,0,0,0,0.0,0.0,98
1,1,0,0,0,0,0,0,0,0,0,0.1,0.00012707533789360232,1
2,0,0,0,0,1,0,0,0,0,0,0.1,0.00015512700102777348,1
