objective value,selected_test_case_num,decomposing,access,extime,embedding_time,qubit_num
0.0267117666150912,81.0,2.0463866032660007,0.17608301999999998,2.222469623266001,41.919981568055015,209.83333333333334
