objective value,selected_test_case_num,decomposing,access,extime,embedding_time,qubit_num
0.0591434937289233,607.0,351.17549154907465,0.7883743599999997,351.9638659090746,22.39668375318755,55.714285714285715
