,index,time,rate
0,0,39050.0,0.1338383838383838
1,2,47131.0,0.0956072351421188
2,42,15991.0,0.1414473684210526
3,47,28828.0,0.2347266881028939
4,58,16185.0,0.1832797427652733
5,61,7606.0,0.1806020066889632
6,68,34981.0,0.2315436241610738
7,69,10056.0,0.2441471571906354
8,7,45700.0,0.1783783783783784
9,79,5035.0,0.2458333333333333
10,80,29406.0,0.7043010752688172
11,84,126187.0,1.0
