objective value,selected_test_case_num,embedding_time,extime,qubit_num
0.0178883518660849,12.0,92.30235278257568,0.036025169999999995,963.0
