objective value,selected_test_case_num,decomposing,access,extime,embedding_time,qubit_num
0.0148046787160286,60.0,1.4438267666846514,0.16690307999999998,1.6107298466846514,1523.1065614153163,3238.75
