,index,time,rate
0,62,54721.0,1.0
1,73,41660.0,0.2315436241610738
2,75,13335.0,0.2297297297297297
3,78,10111.0,0.3172690763052209
4,79,5035.0,0.2458333333333333
5,80,29406.0,0.7043010752688172
6,81,22496.0,0.0448430493273542
7,83,50667.0,0.1964285714285714
8,84,126187.0,1.0
9,85,112842.0,0.0454545454545454
10,86,78821.0,0.6428571428571429
