objective value,selected_test_case_num,embedding_time,extime,qubit_num
0.0002088119107833,2.0,332.5538837015857,1.7255900800000001,17.125
