objective value,selected_test_case_num,decomposing,access,extime,embedding_time,qubit_num
0.0496452465020291,525.0,114.90956665575504,0.35918927,115.26875592575504,472.74358357123003,615.4545454545455
