,index,time,rate
0,17,42900.0,0.1823204419889502
1,62,54721.0,1.0
2,77,15493.0,0.7272727272727273
3,80,29406.0,0.7043010752688172
4,82,44878.0,0.2784810126582278
5,86,78821.0,0.6428571428571429
6,78,10111.0,0.3172690763052209
7,8,21643.0,0.1989247311827957
8,83,50667.0,0.1964285714285714
9,57,32564.0,0.1766666666666666
10,66,42270.0,0.2449664429530201
