objective value,selected_test_case_num,decomposing,access,extime,embedding_time,qubit_num
0.0223521648753453,74.0,1.4251402877271175,0.16088027999999996,1.5860205677271175,1586.7283853224544,2356.75
