objective value,selected_test_case_num,embedding_time,extime,qubit_num
0.041271174790837,476.0,4596.7359051503245,1.2901389799999998,1600.5294117647059
