objective value,selected_test_case_num,embedding_time,extime,qubit_num
0.0253644498154367,271.0,1855.285384041842,10.221286909999987,17.240208877284594
