objective value,selected_test_case_num,decomposing,access,extime,embedding_time,qubit_num
0.060761119653759,615.0,307.2044969704002,0.7896147599999999,307.9941117304002,21.724466399606573,55.357142857142854
