objective value,selected_test_case_num,embedding_time,extime,qubit_num
0.0401054799209099,477.0,3329.795486715518,1.6018101900000004,816.936170212766
