objective value,selected_test_case_num,embedding_time,extime,qubit_num
0.036351536706514,428.0,2891.3591537846232,1.8303355799999994,630.1111111111111
