objective value,selected_test_case_num,embedding_time,extime,qubit_num
0.0368179742690527,448.0,2776.9106014358817,1.7936307799999995,637.8148148148148
