,T1466,T1590,T271,T322,T364,T428,T58,T721,T871,T907,chain_break_fraction,energy,num_occurrences
0,0,0,0,0,1,0,0,0,0,0,0.0,0.01847340288890276,72
1,1,0,0,0,1,0,0,0,0,0,0.0,0.02146999019737531,15
2,0,0,0,0,1,0,0,0,0,1,0.0,0.024786898098157144,2
3,0,0,0,0,1,1,0,0,0,0,0.0,0.02563245437676258,4
4,0,0,0,1,1,0,0,0,0,0,0.0,0.027302824300191694,3
5,0,0,0,0,1,0,1,0,0,0,0.0,0.02752777910136702,2
6,0,0,0,0,0,0,0,0,0,1,0.0,0.030316318966319963,1
7,1,0,0,0,0,0,0,0,0,1,0.0,0.030540116794679828,1
