,T1075,T139,T1492,T37,T402,T627,T644,T827,T857,T992,chain_break_fraction,energy,num_occurrences
0,1,0,0,0,1,0,0,0,0,0,0.0,0.028365900698736523,75
1,0,0,0,0,1,0,0,0,1,0,0.0,0.03380933417502838,11
2,1,0,0,0,0,0,0,0,1,0,0.0,0.03381977100810119,8
3,0,0,0,0,1,0,0,0,0,0,0.0,0.035685865618893094,1
4,1,0,0,0,0,0,0,0,0,0,0.0,0.035691276393235605,1
5,1,0,0,0,1,0,0,0,1,0,0.0,0.03750819117660865,1
6,1,0,0,0,0,0,0,1,0,0,0.0,0.03967130020049249,2
7,1,0,0,1,0,0,0,0,0,0,0.0,0.042056499461907246,1
