,T1258,T1521,T1557,T164,T205,T269,T276,T593,T885,T920,chain_break_fraction,energy,num_occurrences
0,0,0,0,1,0,0,0,0,1,0,0.0,0.021466179140456742,57
1,0,0,0,0,0,0,0,0,1,0,0.0,0.022375384130588618,26
2,0,0,0,1,0,0,0,0,0,0,0.0,0.024953892386117407,7
3,0,0,0,0,0,0,0,0,1,1,0.0,0.02755606844201084,3
4,0,0,0,0,0,1,0,0,1,0,0.0,0.0298201559110851,2
5,0,0,0,0,0,0,1,0,1,0,0.0,0.0298254069374862,3
6,0,0,0,1,0,0,0,0,0,1,0.0,0.029839477695831826,1
7,0,0,0,1,0,0,0,0,0,1,0.1,0.029839477695831826,1
