,T1072,T1541,T246,T313,T424,T440,T547,T600,T64,T727,chain_break_fraction,energy,num_occurrences
0,1,0,0,0,0,0,0,0,0,0,0.0,0.013050067637843561,87
1,1,0,0,0,0,1,0,0,0,0,0.0,0.017440272346445018,3
2,0,0,0,0,0,1,0,0,0,0,0.0,0.017963967458338295,3
3,1,0,0,0,0,0,0,0,1,0,0.0,0.02186940285535865,3
4,1,0,1,0,0,0,0,0,0,0,0.0,0.022000116497522135,1
5,0,0,0,0,1,0,0,0,0,0,0.0,0.02397389691310165,1
6,0,0,1,0,0,0,0,0,0,0,0.0,0.02590758722383009,1
7,1,0,0,0,1,1,0,0,0,0,0.0,0.03281988606182317,1
