,T1063,T128,T1288,T1636,T220,T298,T35,T450,T684,T915,chain_break_fraction,energy,num_occurrences
0,1,0,0,0,0,0,0,0,0,0,0.0,0.015145826906452494,78
1,1,0,0,0,0,0,0,0,0,1,0.0,0.021414258342654365,8
2,1,0,0,0,0,0,1,0,0,0,0.0,0.022603008180225745,4
3,1,0,0,0,1,0,0,0,0,0,0.0,0.022850606054078605,4
4,1,0,0,0,0,1,0,0,0,0,0.0,0.02411364920667651,1
5,1,0,1,0,0,0,0,0,0,0,0.0,0.025311605005057115,1
6,0,0,0,0,0,0,1,0,0,0,0.0,0.026903677894576913,2
7,1,0,0,0,0,0,0,0,1,0,0.1,0.02322564015875398,1
8,0,0,0,0,0,0,1,1,0,0,0.0,0.03504677513446446,1
