objective value,selected_test_case_num,decomposing,access,extime,embedding_time,qubit_num
0.0439831525998961,104.0,1.206424681469798,0.15004108000000002,1.3564657614697981,891.7102114233056,1222.5
