objective value,selected_test_case_num,decomposing,access,extime,embedding_time,qubit_num
0.0526424578339672,555.0,70.58624838851392,0.29408459000000003,70.88033297851392,3445.320127271044,3596.4285714285716
