,index,time,rate
0,30,475631.0,0.6
1,77,15493.0,0.7272727272727273
2,84,126187.0,1.0
3,26,41606.0,0.407624633431085
4,86,78821.0,0.6428571428571429
