objective value,selected_test_case_num,decomposing,access,extime,embedding_time,qubit_num
0.0315170209403209,88.0,1.181563576683402,0.14982708,1.3313906566834022,429.2544445356691,1274.0
