objective value,selected_test_case_num,decomposing,access,extime,embedding_time,qubit_num
0.0530207835679781,555.0,79.57229541242123,0.30966176,79.88195717242122,1478.6029575345985,1914.125
