objective value,selected_test_case_num,decomposing,access,extime,embedding_time,qubit_num
0.0517979372871927,113.0,2.072759810835123,0.16658142,2.239341230835123,20.32093662605126,120.33333333333333
