objective value,selected_test_case_num,decomposing,access,extime,embedding_time,qubit_num
0.014670811526303,7.0,36.13163764216006,3.482894200000001,39.61453184216006,6958.986753103224,829.31
