objective value,selected_test_case_num,decomposing,access,extime,embedding_time,qubit_num
0.0352214714554476,93.0,1.4914797022938728,0.16421385,1.6556935522938727,106.54490116161753,342.4
