,index,time,rate
0,77,15493.0,0.7272727272727273
1,84,126187.0,1.0
2,62,54721.0,1.0
3,80,29406.0,0.7043010752688172
4,26,41606.0,0.407624633431085
5,86,78821.0,0.6428571428571429
