objective value,selected_test_case_num,embedding_time,extime,qubit_num
0.0120897362858914,6.0,38.432423757041626,0.17677982,121.83333333333333
