,index,time,rate
0,30,475631.0,0.6
1,6,46944.0,0.208
2,62,54721.0,1.0
3,84,126187.0,1.0
4,54,6719.0,0.1766666666666666
5,80,29406.0,0.7043010752688172
6,88,57947.0,0.25
7,26,41606.0,0.407624633431085
8,77,15493.0,0.7272727272727273
