objective value,selected_test_case_num,embedding_time,extime,qubit_num
0.0133230021781507,9.0,132.35229923042357,0.09774111,466.3333333333333
