objective value,selected_test_case_num,decomposing,access,extime,embedding_time,qubit_num
0.054866627984307,570.0,170.8975130300969,0.46940151999999996,171.36691455009688,85.052535820498,213.8125
