,index,time,rate
0,62,54721.0,1.0
1,84,126187.0,1.0
2,80,29406.0,0.7043010752688172
3,26,41606.0,0.407624633431085
4,30,475631.0,0.6
5,77,15493.0,0.7272727272727273
6,86,78821.0,0.6428571428571429
