objective value,selected_test_case_num,embedding_time,extime,qubit_num
0.0249394478854816,267.0,1079.5669309365644,5.379625869999999,55.80628272251309
