objective value,selected_test_case_num,embedding_time,extime,qubit_num
0.0258132098673026,295.0,1369.145337778819,2.31880812,333.44736842105266
