objective value,selected_test_case_num,embedding_time,extime,qubit_num
0.0126775358848639,9.0,46.21727110110657,0.11962508000000001,216.75
