objective value,selected_test_case_num,decomposing,access,extime,embedding_time,qubit_num
0.0249099788390385,18.0,0.13753041066229318,0.11727828,0.25480869066229317,54.60685243617484,344.25
