objective value,selected_test_case_num,decomposing,access,extime,embedding_time,qubit_num
0.0537190095281128,561.0,103.45566862262785,0.33832730000000005,103.79399592262786,428.4571573434295,815.8
