objective value,selected_test_case_num,decomposing,access,extime,embedding_time,qubit_num
0.042249647029185,102.0,1.8980839010328052,0.16508101999999994,2.063164921032805,21.199565818977934,125.0
