objective value,selected_test_case_num,embedding_time,extime,qubit_num
0.0018284473099943,20.0,732.4061647867896,0.27266535999999997,825.0
