,index,time,rate
0,30,475631.0,0.6
1,77,15493.0,0.7272727272727273
2,64,7104.0,0.23
3,84,126187.0,1.0
4,80,29406.0,0.7043010752688172
5,86,78821.0,0.6428571428571429
6,67,3567.0,0.2382550335570469
7,62,54721.0,1.0
