,index,time,rate
0,10,19658.0,0.1825613079019073
1,12,38936.0,0.3043478260869565
2,22,41863.0,0.1943734015345268
3,26,41606.0,0.407624633431085
4,28,4465.0,0.2317073170731707
5,30,475631.0,0.6
6,44,9600.0,0.1414473684210526
7,62,54721.0,1.0
8,68,34981.0,0.2315436241610738
9,75,13335.0,0.2297297297297297
10,78,10111.0,0.3172690763052209
11,82,44878.0,0.2784810126582278
12,84,126187.0,1.0
