objective value,selected_test_case_num,embedding_time,extime,qubit_num
0.0027551297535071,25.0,888.6915890222801,0.25284418999999997,1083.2857142857142
