objective value,selected_test_case_num,decomposing,access,extime,embedding_time,qubit_num
0.0185568491675571,12.0,0.22940926998853667,0.15694025,0.38634951998853667,115.79811713817155,486.2
