objective value,selected_test_case_num,decomposing,access,extime,embedding_time,qubit_num
0.0374992765146679,96.0,1.1517007444053888,0.14357228,1.2952730244053887,351.4549886288093,1042.25
