objective value,selected_test_case_num,embedding_time,extime,qubit_num
0.0066881746513084,40.0,734.1341777143781,0.22731181999999997,1259.8333333333333
