objective value,selected_test_case_num,embedding_time,extime,qubit_num
0.0247282545134931,263.0,1129.0405635691004,2.7673051499999985,215.2
