objective value,selected_test_case_num,embedding_time,extime,qubit_num
0.0008623527379496,13.0,318.8196474416565,0.30986009999999997,473.6
