objective value,selected_test_case_num,decomposing,access,extime,embedding_time,qubit_num
0.0124090123192785,55.0,2.2353262957185507,0.24427659,2.479602885718551,502.79733278853155,841.1428571428571
