objective value,selected_test_case_num,embedding_time,extime,qubit_num
0.0358476985804538,428.0,3581.0629767554256,1.6103537899999996,828.8936170212766
