objective value,selected_test_case_num,embedding_time,extime,qubit_num
0.0248139351130113,266.0,1077.8942845244587,5.306736669999999,55.64397905759162
