objective value,selected_test_case_num,embedding_time,extime,qubit_num
0.0417680435746879,484.0,6396.864712506795,1.4060916600000002,1309.5263157894738
