,index,time,rate
0,53,762638.812633833,0.8704496788008566
1,20,55274.003174603175,0.0476190476190476
2,242,46563.26233183857,0.0381165919282511
3,175,226665.04119850183,0.8426966292134831
4,281,4851.172727272728,0.8454545454545455
5,213,9288.867605633804,0.0084507042253521
6,133,27064.7,0.0733333333333333
7,110,99372.2906976744,0.0010570824524312
8,87,3459.7960288808663,0.0794223826714801
9,285,385.77777777777777,0.1111111111111111
10,286,17009.0,1.0
