objective value,selected_test_case_num,embedding_time,extime,qubit_num
0.0005843418706875,11.0,195.0281195412549,0.47145511999999995,217.25
