objective value,selected_test_case_num,decomposing,access,extime,embedding_time,qubit_num
0.0314856752377076,88.0,1.4490181393921375,0.16565585,1.6146739893921376,144.4216686370454,477.6
