objective value,selected_test_case_num,decomposing,access,extime,embedding_time,qubit_num
0.0260937330870258,80.0,2.2883470859378576,0.17692941999999998,2.4652765059378576,56.05734833129676,213.5
