objective value,selected_test_case_num,decomposing,access,extime,embedding_time,qubit_num
0.0181187006521647,11.0,0.1643107142299412,0.13004027999999998,0.29435099422994115,98.03282206371364,475.5
