objective value,selected_test_case_num,decomposing,access,extime,embedding_time,qubit_num
0.0268371905864649,81.0,2.6998934019356966,0.26713133,2.9670247319356964,87.25899803496735,211.33333333333334
