objective value,selected_test_case_num,decomposing,access,extime,embedding_time,qubit_num
0.0322612546073442,89.0,1.511763671413064,0.15189745000000002,1.663661121413064,69.45747099348907,321.8
