objective value,selected_test_case_num,decomposing,access,extime,embedding_time,qubit_num
0.0165826354969171,11.0,0.4214360453188416,0.27080336,0.6922394053188416,313.91500797522093,644.0
