objective value,selected_test_case_num,decomposing,access,extime,embedding_time,qubit_num
0.0294550809315541,85.0,1.301393499597907,0.15872067999999998,1.4601141795979071,976.0550764087125,2367.5
