,objective value,selected_test_case_num,extime
0,0.00017364922931613347,4,2.7861976623535156
