,index,time,rate
0,62,54721.0,1.0
1,77,15493.0,0.7272727272727273
2,11,8620.0,0.3005464480874317
3,30,475631.0,0.6
4,80,29406.0,0.7043010752688172
5,78,10111.0,0.3172690763052209
6,84,126187.0,1.0
