objective value,selected_test_case_num,embedding_time,extime,qubit_num
0.0434836788828941,505.0,5199.749060201314,1.3992504600000002,1270.421052631579
