,index,time,rate
0,62,54721.0,1.0
1,77,15493.0,0.7272727272727273
2,30,475631.0,0.6
3,80,29406.0,0.7043010752688172
4,84,126187.0,1.0
5,11,8620.0,0.3005464480874317
6,78,10111.0,0.3172690763052209
7,86,78821.0,0.6428571428571429
