objective value,selected_test_case_num,decomposing,access,extime,embedding_time,qubit_num
0.0602102261164321,614.0,583.5753068383783,1.3848380100000004,584.9601448483783,11.820997032521356,17.245283018867923
