objective value,selected_test_case_num,decomposing,access,extime,embedding_time,qubit_num
0.0366448728604777,95.0,1.1616441756486893,0.14584908,1.3074932556486893,423.8439418010526,1070.5
