,index,time,rate
0,49,10053.0,0.1530944625407166
1,50,4175.0,0.1480263157894736
2,52,40509.0,0.1495016611295681
3,53,39443.0,0.1590909090909091
4,54,6719.0,0.1766666666666666
5,59,7798.0,0.1833333333333333
6,64,7104.0,0.23
7,68,34981.0,0.2315436241610738
8,69,10056.0,0.2441471571906354
9,75,13335.0,0.2297297297297297
10,80,29406.0,0.7043010752688172
11,81,22496.0,0.0448430493273542
12,83,50667.0,0.1964285714285714
13,87,48599.0,0.2
