objective value,selected_test_case_num,decomposing,access,extime,embedding_time,qubit_num
0.0147819558574627,60.0,1.528525799512863,0.17934624999999998,1.707872049512863,224.02529295012116,796.6
