objective value,selected_test_case_num,embedding_time,extime,qubit_num
0.0119556398430509,7.0,42.71806545859498,0.17178181999999997,124.83333333333333
