objective value,selected_test_case_num,decomposing,access,extime,embedding_time,qubit_num
0.0239681329963523,17.0,0.1572172809392211,0.12892747999999998,0.2861447609392211,88.87055946743214,461.25
