objective value,selected_test_case_num,decomposing,access,extime,embedding_time,qubit_num
0.0223980658754152,74.0,1.5137418042868376,0.17492585,1.6886676542868375,229.7397492609511,621.6
