objective value,selected_test_case_num,decomposing,access,extime,embedding_time,qubit_num
0.0619626187408067,625.0,595.6094361431897,1.4206884100000006,597.0301245531897,11.772369276090469,17.132075471698112
