objective value,selected_test_case_num,decomposing,access,extime,embedding_time,qubit_num
0.0482334099574063,514.0,71.24954664707184,0.28674299,71.53628963707183,2167.238139024841,3031.1428571428573
