objective value,selected_test_case_num,decomposing,access,extime,embedding_time,qubit_num
0.0543332857329204,562.0,114.93486874550581,0.35891847000000004,115.29378721550582,509.53938812888686,617.4545454545455
