,index,time,rate
0,19,2355.0,0.1888888888888888
1,22,41863.0,0.1943734015345268
2,24,6562.0,0.1938202247191011
3,62,54721.0,1.0
4,78,10111.0,0.3172690763052209
5,84,126187.0,1.0
6,86,78821.0,0.6428571428571429
7,37,5126.0,0.1331168831168831
8,46,15420.0,0.1573770491803278
9,49,10053.0,0.1530944625407166
10,5,24265.0,0.1679790026246719
11,58,16185.0,0.1832797427652733
12,7,45700.0,0.1783783783783784
13,79,5035.0,0.2458333333333333
