objective value,selected_test_case_num,decomposing,access,extime,embedding_time,qubit_num
0.0382648159725767,97.0,2.5554803051054478,0.21824135999999997,2.7737216651054477,7.309656227046028,55.5
