objective value,selected_test_case_num,embedding_time,extime,qubit_num
0.0247713140576601,249.0,1080.6745734436872,5.281037069999997,55.32984293193717
