objective value,selected_test_case_num,decomposing,access,extime,embedding_time,qubit_num
0.0629878176757383,37.0,0.1813173275440928,0.16493502000000002,0.34625234754409284,3.1398508462903316,17.0
