objective value,selected_test_case_num,embedding_time,extime,qubit_num
0.0398222423841869,459.0,9148.775985291752,1.0921999900000001,2649.4444444444443
