,index,time,rate
0,40,38523.0,0.1456953642384106
1,57,32564.0,0.1766666666666666
2,80,29406.0,0.7043010752688172
3,84,126187.0,1.0
4,10,19658.0,0.1825613079019073
5,62,54721.0,1.0
6,78,10111.0,0.3172690763052209
7,82,44878.0,0.2784810126582278
