objective value,selected_test_case_num,embedding_time,extime,qubit_num
0.0007142893450387,12.0,198.54303065497865,0.47952111999999997,216.625
