objective value,selected_test_case_num,decomposing,access,extime,embedding_time,qubit_num
0.0334123524012244,24.0,0.1148974671959874,0.10672707999999999,0.2216245471959874,10.08253019531314,123.0
