objective value,selected_test_case_num,decomposing,access,extime,embedding_time,qubit_num
0.0406326093822396,100.0,1.1568329799920318,0.14584787999999999,1.3026808599920319,445.57297413358674,1038.25
