,T1022,T104,T1158,T1234,T1488,T154,T253,T293,T383,T741,chain_break_fraction,energy,num_occurrences
0,1,0,0,1,0,0,0,0,0,0,0.0,0.025393945353947435,44
1,1,0,1,0,0,0,0,0,0,0,0.0,0.03024804431238051,15
2,0,0,1,1,0,0,0,0,0,0,0.0,0.030351371058718532,18
3,1,0,0,0,0,0,0,0,0,0,0.0,0.030930007701219897,3
4,0,0,0,1,0,0,0,0,0,0,0.0,0.03099906348698989,17
5,1,0,0,0,0,0,0,0,1,0,0.0,0.035284581708206045,1
6,1,0,1,1,0,0,0,0,0,0,0.0,0.03569302659662398,1
7,0,1,0,1,0,0,0,0,0,0,0.0,0.040333528858267687,1
