objective value,selected_test_case_num,decomposing,access,extime,embedding_time,qubit_num
0.0374454493715967,96.0,1.1890644058585167,0.14428508,1.3333494858585166,567.2956533329792,1295.5
