,index,time,rate
0,62,54721.0,1.0
1,70,7976.0,0.2416107382550335
2,72,35769.0,0.2289562289562289
3,73,41660.0,0.2315436241610738
4,77,15493.0,0.7272727272727273
5,79,5035.0,0.2458333333333333
6,82,44878.0,0.2784810126582278
7,85,112842.0,0.0454545454545454
8,86,78821.0,0.6428571428571429
9,87,48599.0,0.2
10,88,57947.0,0.25
