,index,time,rate
0,175,226665.04119850183,0.8426966292134831
1,183,60077.360795454544,0.0085227272727272
2,273,36546.08273381295,0.0035971223021582
3,243,3643.184782608696,0.0036231884057971
4,61,2010.9099378881988,0.0031055900621118
5,7,6866.631970260223,0.0012391573729863
6,277,3428.7513966480446,0.0027932960893854
7,56,2051.3110236220477,0.0039370078740157
8,53,762638.812633833,0.8704496788008566
9,93,103932.7420718816,0.0010570824524312
