objective value,selected_test_case_num,embedding_time,extime,qubit_num
0.0006035142080731,10.0,1608.8852326506396,0.16305187999999998,3138.0
