objective value,selected_test_case_num,embedding_time,extime,qubit_num
0.0014250575697524,18.0,293.2589387781372,0.32788849999999997,456.4
