,index,time,rate
0,26,41606.0,0.407624633431085
1,42,15991.0,0.1414473684210526
2,56,30219.0,0.1766666666666666
3,80,29406.0,0.7043010752688172
4,84,126187.0,1.0
5,86,78821.0,0.6428571428571429
6,18,11252.0,0.1883656509695291
7,57,32564.0,0.1766666666666666
8,77,15493.0,0.7272727272727273
9,30,475631.0,0.6
10,53,39443.0,0.1590909090909091
