objective value,selected_test_case_num,embedding_time,extime,qubit_num
0.0040257740381904,31.0,1080.5296218337232,0.21905541999999997,1273.5
