,index,time,rate
0,62,54721.0,1.0
1,72,35769.0,0.2289562289562289
2,73,41660.0,0.2315436241610738
3,78,10111.0,0.3172690763052209
4,79,5035.0,0.2458333333333333
5,82,44878.0,0.2784810126582278
6,83,50667.0,0.1964285714285714
7,85,112842.0,0.0454545454545454
8,87,48599.0,0.2
9,88,57947.0,0.25
