objective value,selected_test_case_num,decomposing,access,extime,embedding_time,qubit_num
0.0168769174599805,10.0,1.0510370638221493,0.5352383199999999,1.5862753838221493,692.8157688453872,637.4375
