objective value,selected_test_case_num,decomposing,access,extime,embedding_time,qubit_num
0.0222820805909304,74.0,1.886195546016097,0.18516782,2.0713633660160973,53.987308231375266,212.83333333333334
