,index,time,rate
0,15,15059.0,0.1900826446280991
1,18,11252.0,0.1883656509695291
2,38,32833.0,0.1485148514851485
3,51,34657.0,0.1480263157894736
4,74,11878.0,0.2289562289562289
5,77,15493.0,0.7272727272727273
6,80,29406.0,0.7043010752688172
7,84,126187.0,1.0
8,20,15614.0,0.1866295264623955
9,24,6562.0,0.1938202247191011
10,25,42023.0,0.2171428571428571
11,39,1844.0,0.1513157894736842
12,44,9600.0,0.1414473684210526
13,50,4175.0,0.1480263157894736
14,86,78821.0,0.6428571428571429
