objective value,selected_test_case_num,decomposing,access,extime,embedding_time,qubit_num
0.0572889115474232,590.0,137.81636189296842,0.4026856099999999,138.2190475029684,181.47269111929467,327.38461538461536
