,index,time,rate
0,78,10111.0,0.3172690763052209
1,77,15493.0,0.7272727272727273
2,86,78821.0,0.6428571428571429
3,26,41606.0,0.407624633431085
4,80,29406.0,0.7043010752688172
5,30,475631.0,0.6
6,84,126187.0,1.0
7,62,54721.0,1.0
