objective value,selected_test_case_num,embedding_time,extime,qubit_num
0.0121873935196965,8.0,71.51838503277284,0.5516601999999999,17.0
