objective value,selected_test_case_num,decomposing,access,extime,embedding_time,qubit_num
0.0537771311174936,559.0,117.68059543333948,0.37831926999999993,118.05891470333948,475.08358083756247,645.1818181818181
