objective value,selected_test_case_num,decomposing,access,extime,embedding_time,qubit_num
0.0240880881113869,77.0,1.3532246463000774,0.15637868,1.5096033263000774,1382.0483450357824,2360.75
