objective value,selected_test_case_num,decomposing,access,extime,embedding_time,qubit_num
0.0505698247750185,532.0,70.95745807513595,0.28824978999999995,71.24570786513594,2041.6547218642363,3012.714285714286
