objective value,selected_test_case_num,embedding_time,extime,qubit_num
0.0420230865943231,472.0,9485.186789120902,1.0283228500000001,2991.8
