objective value,selected_test_case_num,decomposing,access,extime,embedding_time,qubit_num
0.0542979879309913,566.0,172.09423532895744,0.47378312000000006,172.56801844895745,90.92300007357333,213.0
