objective value,selected_test_case_num,decomposing,access,extime,embedding_time,qubit_num
0.0521094054851024,544.0,126.3332243040204,0.38016483999999995,126.71338914402041,235.97804957374717,466.75
