objective value,selected_test_case_num,decomposing,access,extime,embedding_time,qubit_num
0.0523644996432096,547.0,103.86750846542418,0.34117529999999996,104.20868376542418,559.4124549190274,835.7
