objective value,selected_test_case_num,embedding_time,extime,qubit_num
0.0365019954540504,439.0,4173.07003027955,1.63339179,834.7446808510638
