objective value,selected_test_case_num,decomposing,access,extime,embedding_time,qubit_num
0.0562837112692316,578.0,71.00648582912982,0.27936019,71.28584601912982,1884.4984143320812,2203.5714285714284
