objective value,selected_test_case_num,decomposing,access,extime,embedding_time,qubit_num
0.0307625583041739,87.0,1.188400415703654,0.14663147999999998,1.335031895703654,673.0488899752581,1288.25
