objective value,selected_test_case_num,decomposing,access,extime,embedding_time,qubit_num
0.0579539645714509,596.0,172.28522789105773,0.4841919199999999,172.76941981105773,108.50714064636558,214.6875
