objective value,selected_test_case_num,decomposing,access,extime,embedding_time,qubit_num
0.0273746218755502,82.0,1.5782206859439611,0.17666105,1.754881735943961,263.709280377201,638.2
