objective value,selected_test_case_num,embedding_time,extime,qubit_num
0.0410944016770406,468.0,12153.050059758687,0.96437291,3395.1739130434785
