,index,time,rate
0,62,54721.0,1.0
1,71,41012.0,0.2416107382550335
2,76,14507.0,0.2331081081081081
3,78,10111.0,0.3172690763052209
4,81,22496.0,0.0448430493273542
5,82,44878.0,0.2784810126582278
6,84,126187.0,1.0
7,85,112842.0,0.0454545454545454
8,87,48599.0,0.2
9,88,57947.0,0.25
