objective value,selected_test_case_num,embedding_time,extime,qubit_num
0.0292728978567813,350.0,2022.2654893648992,1.9965181099999998,470.9047619047619
