objective value,selected_test_case_num,decomposing,access,extime,embedding_time,qubit_num
0.0543149447105468,565.0,93.41385974176228,0.32290252999999997,93.73676227176227,957.865427598789,1042.0
