objective value,selected_test_case_num,embedding_time,extime,qubit_num
0.035219488103274,422.0,3568.033909031634,1.6105661900000001,844.7021276595744
