objective value,selected_test_case_num,embedding_time,extime,qubit_num
0.0250324968115831,263.0,1133.7682639861937,2.83062155,214.10526315789474
