objective value,selected_test_case_num,decomposing,access,extime,embedding_time,qubit_num
0.0223478144600718,74.0,1.9338652193546293,0.17671141999999998,2.1105766393546292,46.954778335585786,217.33333333333334
