objective value,selected_test_case_num,decomposing,access,extime,embedding_time,qubit_num
0.0559322649018497,34.0,0.17142009362578361,0.15869421999999997,0.3301143136257836,3.0876194711392206,17.166666666666668
