objective value,selected_test_case_num,embedding_time,extime,qubit_num
0.012319812595534,6.0,38.037772685199585,0.08601591,325.6666666666667
