,index,time,rate
0,84,126187.0,1.0
1,11,8620.0,0.3005464480874317
2,77,15493.0,0.7272727272727273
3,62,54721.0,1.0
4,80,29406.0,0.7043010752688172
5,30,475631.0,0.6
6,26,41606.0,0.407624633431085
