objective value,selected_test_case_num,decomposing,access,extime,embedding_time,qubit_num
0.0544906408869599,569.0,92.54425278119743,0.31733813,92.86159091119742,469.53903082336217,998.1111111111111
