objective value,selected_test_case_num,embedding_time,extime,qubit_num
0.0249013442273277,254.0,1007.4688772273339,3.694021789999999,122.37795275590551
