objective value,selected_test_case_num,decomposing,access,extime,embedding_time,qubit_num
0.0182858939878347,14.0,0.1420196220278738,0.12129348,0.2633131020278738,98.81883848416199,465.0
