objective value,selected_test_case_num,embedding_time,extime,qubit_num
0.0441536287247015,512.0,2965.894732632568,1.5027471399999996,1037.1666666666667
