objective value,selected_test_case_num,decomposing,access,extime,embedding_time,qubit_num
0.0515676983889682,550.0,126.16120822168887,0.38577523999999996,126.54698346168887,295.7934376505654,466.0
