objective value,selected_test_case_num,decomposing,access,extime,embedding_time,qubit_num
0.0406419270889736,100.0,4.095209032297134,0.31394523999999996,4.409154272297134,3.664187482899318,16.916666666666668
