objective value,selected_test_case_num,decomposing,access,extime,embedding_time,qubit_num
0.0456824437128196,106.0,3.9686571191996336,0.3189064399999999,4.287563559199634,3.8724513029950245,17.666666666666668
