objective value,selected_test_case_num,decomposing,access,extime,embedding_time,qubit_num
0.0199792411867437,16.0,35.54759065248072,3.475291,39.02288165248072,6840.358284747906,825.74
