objective value,selected_test_case_num,embedding_time,extime,qubit_num
0.0425216930004454,490.0,3178.6718592671505,1.50881314,1040.2619047619048
