,index,time,rate
0,11,8620.0,0.3005464480874317
1,86,78821.0,0.6428571428571429
2,77,15493.0,0.7272727272727273
3,80,29406.0,0.7043010752688172
4,62,54721.0,1.0
5,84,126187.0,1.0
