objective value,selected_test_case_num,embedding_time,extime,qubit_num
0.0124920088293295,5.0,49.585276964350584,0.17881262,124.66666666666667
