objective value,selected_test_case_num,decomposing,access,extime,embedding_time,qubit_num
0.0547014712068604,571.0,92.843096870929,0.32908772999999997,93.172184600929,1032.52428044801,1090.4444444444443
