,index,time,rate
0,62,54721.0,1.0
1,75,13335.0,0.2297297297297297
2,77,15493.0,0.7272727272727273
3,80,29406.0,0.7043010752688172
4,15,15059.0,0.1900826446280991
5,30,475631.0,0.6
6,84,126187.0,1.0
7,86,78821.0,0.6428571428571429
