,index,time,rate
0,86,78821.0,0.6428571428571429
1,70,7976.0,0.2416107382550335
2,62,54721.0,1.0
3,80,29406.0,0.7043010752688172
4,11,8620.0,0.3005464480874317
5,77,15493.0,0.7272727272727273
6,78,10111.0,0.3172690763052209
7,30,475631.0,0.6
8,84,126187.0,1.0
