objective value,selected_test_case_num,embedding_time,extime,qubit_num
0.0127270127280318,9.0,79.72038571195985,0.5291210000000001,17.1
