,index,time,rate
0,153,152758.131661442,0.0031347962382445
1,164,25730.539325842696,0.0599250936329588
2,243,3643.184782608696,0.0036231884057971
3,286,17009.0,1.0
4,173,90801.90112359553,0.0134831460674157
5,95,107515.76135163674,0.0010559662090813
