objective value,selected_test_case_num,embedding_time,extime,qubit_num
0.0123556782277462,7.0,49.27595706761597,0.17207102,124.66666666666667
