objective value,selected_test_case_num,embedding_time,extime,qubit_num
0.0005193946895144,9.0,210.896994962533,0.38492404,328.3333333333333
