objective value,selected_test_case_num,decomposing,access,extime,embedding_time,qubit_num
0.066649142296043,38.0,0.1715851537883278,0.15709062,0.3286757737883278,3.0753354515395204,17.166666666666668
