,index,time,rate
0,62,54721.0,1.0
1,77,15493.0,0.7272727272727273
2,80,29406.0,0.7043010752688172
3,14,43986.0,0.1895604395604395
4,22,41863.0,0.1943734015345268
5,31,23941.0,0.2286585365853658
6,37,5126.0,0.1331168831168831
7,41,27030.0,0.1490066225165563
8,48,32093.0,0.15359477124183
9,5,24265.0,0.1679790026246719
10,54,6719.0,0.1766666666666666
11,61,7606.0,0.1806020066889632
12,76,14507.0,0.2331081081081081
13,84,126187.0,1.0
