objective value,selected_test_case_num,decomposing,access,extime,embedding_time,qubit_num
0.0276225528191291,21.0,0.140645483508706,0.10829667999999999,0.24894216350870602,83.85742924481971,335.5
