objective value,selected_test_case_num,decomposing,access,extime,embedding_time,qubit_num
0.0490085565861604,514.0,80.58616734854877,0.30703655999999996,80.89320390854877,1773.9586725849947,1838.25
