objective value,selected_test_case_num,decomposing,access,extime,embedding_time,qubit_num
0.0235371495789243,76.0,1.5684399995952842,0.16106025,1.7295002495952843,149.34804956930793,628.0
