objective value,selected_test_case_num,decomposing,access,extime,embedding_time,qubit_num
0.0534569739413877,560.0,127.33883175253868,0.36060203999999996,127.69943379253868,350.1959076168316,482.6666666666667
