objective value,selected_test_case_num,embedding_time,extime,qubit_num
0.0442707560889799,510.0,7691.623211759009,1.20850907,1890.1935483870968
