objective value,selected_test_case_num,embedding_time,extime,qubit_num
0.0007792766592463,13.0,160.27139494680603,0.47759392,211.875
