objective value,selected_test_case_num,decomposing,access,extime,embedding_time,qubit_num
0.0199199039875838,70.0,2.2008372731506824,0.24330538999999995,2.444142663150682,579.3800867393169,814.5714285714286
