,index,time,rate
0,26,41606.0,0.407624633431085
1,70,7976.0,0.2416107382550335
2,62,54721.0,1.0
3,77,15493.0,0.7272727272727273
4,80,29406.0,0.7043010752688172
5,30,475631.0,0.6
6,69,10056.0,0.2441471571906354
