objective value,selected_test_case_num,decomposing,access,extime,embedding_time,qubit_num
0.0307789346964172,87.0,1.832599064335227,0.17338742,2.005986484335227,22.1792800290422,124.5
