,T1,T1044,T1327,T147,T1517,T244,T326,T491,T871,T953,chain_break_fraction,energy,num_occurrences
0,0,0,0,0,0,0,0,0,0,1,0.0,0.024332820662239227,55
1,0,0,0,0,0,0,1,0,0,1,0.0,0.026142432648090522,23
2,0,0,1,0,0,0,0,0,0,1,0.0,0.026842679241232226,10
3,0,0,0,0,0,1,0,0,0,1,0.0,0.030269290453498132,3
4,1,0,0,0,0,0,0,0,0,1,0.0,0.030755069438384658,4
5,0,0,0,0,0,0,1,0,0,0,0.0,0.03219934712872227,1
6,0,1,0,0,0,0,0,0,0,1,0.0,0.03220152294649465,1
7,0,0,1,0,0,0,1,0,0,0,0.0,0.033143093391094086,1
8,0,0,0,1,0,0,0,0,0,1,0.0,0.033514245125136594,2
