,T1449,T1496,T169,T196,T423,T441,T521,T666,T889,T977,chain_break_fraction,energy,num_occurrences
0,1,0,1,0,0,0,0,0,0,0,0.0,0.024324161779696245,30
1,1,0,0,0,0,0,0,0,0,1,0.0,0.025033206012046588,33
2,1,0,0,0,0,0,0,0,0,0,0.0,0.025112290251106627,23
3,0,0,1,0,0,0,0,0,0,1,0.0,0.028368737339699794,5
4,0,0,1,0,0,0,0,0,0,0,0.0,0.029591444285635236,2
5,1,0,0,0,0,1,0,0,0,0,0.0,0.03157655598264369,2
6,1,0,0,1,0,0,0,0,0,0,0.0,0.034151851631101765,3
7,0,0,1,0,0,0,0,0,1,0,0.0,0.0341671103862577,1
8,0,0,1,1,0,0,0,0,0,0,0.0,0.0385396664503979,1
