,index,time,rate
0,11,8620.0,0.3005464480874317
1,17,42900.0,0.1823204419889502
2,23,18615.0,0.192200557103064
3,26,41606.0,0.407624633431085
4,40,38523.0,0.1456953642384106
5,56,30219.0,0.1766666666666666
6,69,10056.0,0.2441471571906354
7,72,35769.0,0.2289562289562289
8,80,29406.0,0.7043010752688172
9,81,22496.0,0.0448430493273542
10,83,50667.0,0.1964285714285714
11,85,112842.0,0.0454545454545454
12,86,78821.0,0.6428571428571429
