objective value,selected_test_case_num,decomposing,access,extime,embedding_time,qubit_num
0.0569656106709836,580.0,307.91708617284894,0.78343316,308.70051933284896,21.160600729099954,55.214285714285715
