objective value,selected_test_case_num,decomposing,access,extime,embedding_time,qubit_num
0.0511861832262611,536.0,98.73585091158748,0.31886893,99.05471984158747,950.7855194466979,1036.888888888889
