objective value,selected_test_case_num,embedding_time,extime,qubit_num
0.0026073201082253,24.0,2172.2503465152513,0.16549268,2956.75
