objective value,selected_test_case_num,decomposing,access,extime,embedding_time,qubit_num
0.0543344349677522,565.0,215.90379114076495,0.5678885999999999,216.47167974076496,61.19091291987076,121.65
