,T1068,T153,T1540,T1554,T1589,T253,T297,T542,T723,T953,chain_break_fraction,energy,num_occurrences
0,1,0,0,0,0,0,0,0,0,1,0.0,0.02251176015269482,61
1,1,0,0,0,0,0,0,0,0,0,0.0,0.026491073055610718,10
2,0,0,0,0,0,0,0,0,0,1,0.0,0.026534572259866347,22
3,0,0,0,0,0,0,0,1,0,1,0.0,0.03150730513235273,2
4,1,0,0,0,0,0,0,0,0,1,0.1,0.02251176015269482,1
5,1,0,0,0,0,0,0,0,0,1,0.1,0.02251176015269482,1
6,0,0,0,0,0,1,0,0,0,1,0.0,0.03374323112443056,1
7,0,0,0,1,0,0,0,0,0,1,0.0,0.03423577270828591,1
8,0,0,0,0,0,0,0,0,1,1,0.0,0.03485893291332863,1
