objective value,selected_test_case_num,embedding_time,extime,qubit_num
0.0450035666379945,512.0,4150.655062593581,1.2833097800000002,1571.1176470588234
