objective value,selected_test_case_num,decomposing,access,extime,embedding_time,qubit_num
0.0229942018968126,75.0,1.4633962679654358,0.14459065,1.6079869179654358,59.32232725781915,339.6
