objective value,selected_test_case_num,decomposing,access,extime,embedding_time,qubit_num
0.0343486003737078,92.0,1.1683122422546146,0.14127067999999998,1.3095829222546147,315.320848081614,1024.0
