,index,time,rate
0,59,7798.0,0.1833333333333333
1,60,11110.0,0.1854304635761589
2,61,7606.0,0.1806020066889632
3,65,31554.0,0.2341137123745819
4,67,3567.0,0.2382550335570469
5,68,34981.0,0.2315436241610738
6,72,35769.0,0.2289562289562289
7,73,41660.0,0.2315436241610738
8,74,11878.0,0.2289562289562289
9,77,15493.0,0.7272727272727273
10,78,10111.0,0.3172690763052209
11,79,5035.0,0.2458333333333333
12,82,44878.0,0.2784810126582278
13,83,50667.0,0.1964285714285714
14,87,48599.0,0.2
