objective value,selected_test_case_num,decomposing,access,extime,embedding_time,qubit_num
0.0208241086301816,15.0,0.1435253527015446,0.12356468,0.2670900327015446,100.78774187258894,470.5
