objective value,selected_test_case_num,embedding_time,extime,qubit_num
0.0398286177018666,447.0,11308.54707001733,0.96353651,3425.391304347826
