objective value,selected_test_case_num,decomposing,access,extime,embedding_time,qubit_num
0.0299174847504394,22.0,0.1274177320301531,0.11746788,0.2448856120301531,24.795811821024294,216.5
