objective value,selected_test_case_num,decomposing,access,extime,embedding_time,qubit_num
0.0254089621295266,79.0,1.249670026823878,0.15406308,1.403733106823878,808.1220566029378,1888.5
