objective value,selected_test_case_num,embedding_time,extime,qubit_num
0.0120835424892488,7.0,37.804870553662106,0.27944569999999996,56.4
