,index,time,rate
0,53,762638.812633833,0.8704496788008566
1,280,5241.880733944954,0.8440366972477065
2,10,570402.1053511705,0.0016722408026755
3,175,226665.04119850183,0.8426966292134831
4,128,19855.77319587629,0.1134020618556701
5,135,3874.633757961784,0.0477707006369426
6,264,2136.8754448398577,0.0035587188612099
7,129,135.26666666666668,0.2666666666666666
