objective value,selected_test_case_num,decomposing,access,extime,embedding_time,qubit_num
0.0367707583598963,95.0,1.2557858023792505,0.15726228,1.4130480823792506,784.2006213540458,1877.75
