objective value,selected_test_case_num,embedding_time,extime,qubit_num
0.0255293563616581,271.0,1863.517881549062,10.194008910000006,17.344647519582246
