objective value,selected_test_case_num,embedding_time,extime,qubit_num
0.0035736271719389,29.0,439.1771742091937,0.30083572999999997,628.0
