objective value,selected_test_case_num,decomposing,access,extime,embedding_time,qubit_num
0.0307457181804331,87.0,2.531298741698265,0.21919295999999996,2.750491701698265,8.099826406055728,55.5
