objective value,selected_test_case_num,decomposing,access,extime,embedding_time,qubit_num
0.0605229541504381,622.0,88.52717407606542,0.29618016,88.82335423606543,1534.8608112584511,1255.0
