objective value,selected_test_case_num,embedding_time,extime,qubit_num
0.0123650661257426,6.0,43.81046787273377,0.16532381999999998,122.16666666666667
