,index,time,rate
0,148,174715.75449101796,0.0479041916167664
1,137,243089.1838709677,0.0483870967741935
2,6,92685.55118924507,0.3805584281282316
3,280,5241.880733944954,0.8440366972477065
4,135,3874.633757961784,0.0477707006369426
5,281,4851.172727272728,0.8454545454545455
6,286,17009.0,1.0
7,200,37768.64619164619,0.0024570024570024
8,162,168181.36179775282,0.0112359550561797
9,202,1962.0487106017192,0.0429799426934097
10,219,2435.9886363636365,0.002840909090909
