objective value,selected_test_case_num,embedding_time,extime,qubit_num
0.0006108930655797,11.0,254.08389231736695,0.36776164,327.3333333333333
