objective value,selected_test_case_num,embedding_time,extime,qubit_num
0.037130491493332,444.0,2514.595798397329,1.7937143800000002,617.9814814814815
