objective value,selected_test_case_num,decomposing,access,extime,embedding_time,qubit_num
0.0301010677892696,86.0,1.5950959660112858,0.15646105,1.7515570160112857,137.37625410481175,478.2
