objective value,selected_test_case_num,decomposing,access,extime,embedding_time,qubit_num
0.0217778616210298,73.0,1.4092483930289745,0.16067988,1.5699282730289745,1450.506423613586,2521.75
