objective value,selected_test_case_num,embedding_time,extime,qubit_num
0.0249304442828769,273.0,1092.5207328613494,2.8117263499999985,214.2421052631579
