objective value,selected_test_case_num,embedding_time,extime,qubit_num
0.0184295941438268,13.0,70.95175434185303,0.037464370000000004,1001.0
