objective value,selected_test_case_num,embedding_time,extime,qubit_num
0.0254981680393211,263.0,1861.0296797217895,10.230090910000001,17.357702349869452
