objective value,selected_test_case_num,decomposing,access,extime,embedding_time,qubit_num
0.0397753601374146,99.0,2.946571422740817,0.26118733,3.207758752740817,27.554686332009837,122.88888888888889
