,index,time,rate
0,30,475631.0,0.6
1,80,29406.0,0.7043010752688172
2,84,126187.0,1.0
3,86,78821.0,0.6428571428571429
4,11,8620.0,0.3005464480874317
5,24,6562.0,0.1938202247191011
6,77,15493.0,0.7272727272727273
