,index,time,rate
0,86,78821.0,0.6428571428571429
1,62,54721.0,1.0
2,78,10111.0,0.3172690763052209
3,77,15493.0,0.7272727272727273
4,11,8620.0,0.3005464480874317
