,index,time,rate
0,77,15493.0,0.7272727272727273
1,78,10111.0,0.3172690763052209
2,62,54721.0,1.0
3,84,126187.0,1.0
4,80,29406.0,0.7043010752688172
