objective value,selected_test_case_num,decomposing,access,extime,embedding_time,qubit_num
0.0534928454296245,551.0,135.93274904973805,0.40568160999999997,136.33843065973804,185.2053707932265,329.0
