objective value,selected_test_case_num,embedding_time,extime,qubit_num
0.0442172562137774,508.0,4656.459840693177,1.2921865799999999,1545.3529411764705
