,index,time,rate
0,21,42004.0,0.192200557103064
1,32,25736.0,0.1318327974276527
2,62,54721.0,1.0
3,77,15493.0,0.7272727272727273
4,78,10111.0,0.3172690763052209
5,88,57947.0,0.25
6,25,42023.0,0.2171428571428571
7,80,29406.0,0.7043010752688172
8,84,126187.0,1.0
9,15,15059.0,0.1900826446280991
10,27,32818.0,0.2275449101796407
11,40,38523.0,0.1456953642384106
12,44,9600.0,0.1414473684210526
13,51,34657.0,0.1480263157894736
14,66,42270.0,0.2449664429530201
