objective value,selected_test_case_num,embedding_time,extime,qubit_num
0.0185987005845546,15.0,49.87762978498597,0.09277031,436.3333333333333
