,index,time,rate
0,62,54721.0,1.0
1,70,7976.0,0.2416107382550335
2,77,15493.0,0.7272727272727273
3,82,44878.0,0.2784810126582278
4,83,50667.0,0.1964285714285714
5,86,78821.0,0.6428571428571429
6,87,48599.0,0.2
7,88,57947.0,0.25
