,index,time,rate
0,280,5241.880733944954,0.8440366972477065
1,175,226665.04119850183,0.8426966292134831
2,281,4851.172727272728,0.8454545454545455
3,286,17009.0,1.0
4,20,55274.003174603175,0.0476190476190476
