objective value,selected_test_case_num,embedding_time,extime,qubit_num
0.0002090899116421,5.0,148.21227545850036,0.6024997700000001,123.19047619047619
