objective value,selected_test_case_num,decomposing,access,extime,embedding_time,qubit_num
0.0474126919235339,504.0,70.11741599440575,0.29107338999999993,70.40848938440574,4876.3132586249185,3402.8571428571427
