objective value,selected_test_case_num,decomposing,access,extime,embedding_time,qubit_num
0.0538964325217734,561.0,82.690505143255,0.30265176,82.993156903255,1922.606958883983,1562.125
