objective value,selected_test_case_num,decomposing,access,extime,embedding_time,qubit_num
0.0479296148800512,512.0,71.64346861280501,0.29312098999999997,71.93658960280501,4019.848535714247,3527.1428571428573
