objective value,selected_test_case_num,decomposing,access,extime,embedding_time,qubit_num
0.0507902235284358,533.0,102.85455329529941,0.34646609999999994,103.20101939529941,719.0595974976493,848.6
