objective value,selected_test_case_num,decomposing,access,extime,embedding_time,qubit_num
0.0462675660463654,31.0,0.1687766890972849,0.16000221999999997,0.3287789090972849,3.373120265503554,16.666666666666668
