objective value,selected_test_case_num,decomposing,access,extime,embedding_time,qubit_num
0.0545160537754471,34.0,0.1171464789658783,0.11763148,0.2347779589658783,10.399621602245588,124.25
