,index,time,rate
0,175,226665.04119850183,0.8426966292134831
1,280,5241.880733944954,0.8440366972477065
2,281,4851.172727272728,0.8454545454545455
3,26,109417.90866141731,0.0771653543307086
4,20,55274.003174603175,0.0476190476190476
5,286,17009.0,1.0
6,143,13042.692307692309,0.0064102564102564
7,87,3459.7960288808663,0.0794223826714801
