,index,time,rate
0,84,126187.0,1.0
1,86,78821.0,0.6428571428571429
2,62,54721.0,1.0
3,26,41606.0,0.407624633431085
4,79,5035.0,0.2458333333333333
5,77,15493.0,0.7272727272727273
6,80,29406.0,0.7043010752688172
