objective value,selected_test_case_num,decomposing,access,extime,embedding_time,qubit_num
0.0477923408411002,508.0,70.23283329606056,0.28901058999999996,70.52184388606057,3261.8854761551493,2973.714285714286
