,index,time,rate
0,30,475631.0,0.6
1,62,54721.0,1.0
2,77,15493.0,0.7272727272727273
3,84,126187.0,1.0
4,27,32818.0,0.2275449101796407
5,86,78821.0,0.6428571428571429
6,12,38936.0,0.3043478260869565
