objective value,selected_test_case_num,embedding_time,extime,qubit_num
0.0418057485344736,480.0,9139.2289034725,1.14621073,2231.689655172414
