objective value,selected_test_case_num,decomposing,access,extime,embedding_time,qubit_num
0.0211717798953066,72.0,1.4859375283122063,0.17271985,1.6586573783122063,188.3028934274055,638.2
