objective value,selected_test_case_num,decomposing,access,extime,embedding_time,qubit_num
0.0515793292510422,532.0,108.13893442414701,0.32865453,108.467588954147,1316.2229671697057,1046.111111111111
