objective value,selected_test_case_num,decomposing,access,extime,embedding_time,qubit_num
0.0473283904473933,504.0,70.89258826337755,0.29147659,71.18406485337755,2738.859701289423,3321.714285714286
