,index,time,rate
0,175,226665.04119850183,0.8426966292134831
1,281,4851.172727272728,0.8454545454545455
2,135,3874.633757961784,0.0477707006369426
3,128,19855.77319587629,0.1134020618556701
4,280,5241.880733944954,0.8440366972477065
5,286,17009.0,1.0
