,index,time,rate
0,175,226665.04119850183,0.8426966292134831
1,279,345.0,0.0294117647058823
2,286,17009.0,1.0
3,154,18995.576315789476,0.0026315789473684
4,187,25363.07385229541,0.0039920159680638
5,233,569318.7409766454,0.0106157112526539
6,198,50665.288270377736,0.0019880715705765
7,280,5241.880733944954,0.8440366972477065
8,281,4851.172727272728,0.8454545454545455
9,284,391.02272727272725,0.1136363636363636
