objective value,selected_test_case_num,decomposing,access,extime,embedding_time,qubit_num
0.0409669292697483,27.0,0.127962803468108,0.12025667999999999,0.24821948346810802,29.059419897448848,215.0
