objective value,selected_test_case_num,embedding_time,extime,qubit_num
0.035901088022629,428.0,2268.0483564572346,1.7942903800000003,624.4814814814815
