objective value,selected_test_case_num,decomposing,access,extime,embedding_time,qubit_num
0.0545474076128944,569.0,70.89974186196923,0.28538979,71.18513165196923,2677.696040079309,2741.285714285714
