objective value,selected_test_case_num,decomposing,access,extime,embedding_time,qubit_num
0.0528865612674216,554.0,80.13846853002906,0.29824735999999996,80.43671589002906,931.4264779963255,1286.75
