objective value,selected_test_case_num,decomposing,access,extime,embedding_time,qubit_num
0.0137472581852114,9.0,38.509287886321545,3.4396934000000017,41.94898128632155,6635.312918572392,812.04
