objective value,selected_test_case_num,embedding_time,extime,qubit_num
0.0391567374683919,447.0,8637.153579040973,1.02180405,3019.48
