objective value,selected_test_case_num,embedding_time,extime,qubit_num
0.04656273796126,534.0,4630.089911060082,1.4188572599999993,1266.6052631578948
