,index,time,rate
0,62,54721.0,1.0
1,84,126187.0,1.0
2,30,475631.0,0.6
3,80,29406.0,0.7043010752688172
4,67,3567.0,0.2382550335570469
5,26,41606.0,0.407624633431085
