objective value,selected_test_case_num,decomposing,access,extime,embedding_time,qubit_num
0.0157948283262021,11.0,0.8815306406468145,0.5118379499999999,1.3933685906468143,540.7699824701757,630.7333333333333
