,index,time,rate
0,80,29406.0,0.7043010752688172
1,84,126187.0,1.0
2,31,23941.0,0.2286585365853658
3,86,78821.0,0.6428571428571429
4,62,54721.0,1.0
5,77,15493.0,0.7272727272727273
6,78,10111.0,0.3172690763052209
