,index,time,rate
0,53,762638.812633833,0.8704496788008566
1,281,4851.172727272728,0.8454545454545455
