objective value,selected_test_case_num,embedding_time,extime,qubit_num
0.0002161992266911,2.0,328.8715181933277,1.7167872799999992,17.3125
