objective value,selected_test_case_num,embedding_time,extime,qubit_num
0.0004870345212363,9.0,175.5829309145001,0.4900931199999999,210.5625
