objective value,selected_test_case_num,embedding_time,extime,qubit_num
0.0311448354661944,377.0,1752.01283055207,1.99736971,468.36507936507934
