objective value,selected_test_case_num,decomposing,access,extime,embedding_time,qubit_num
0.0493053903866686,520.0,70.18209824711084,0.28824539,70.47034363711084,2437.0747474200853,3073.8571428571427
