,index,time,rate
0,67,3567.0,0.2382550335570469
1,80,29406.0,0.7043010752688172
2,62,54721.0,1.0
3,84,126187.0,1.0
4,77,15493.0,0.7272727272727273
5,86,78821.0,0.6428571428571429
6,30,475631.0,0.6
