,index,time,rate
0,13,11597.0,0.1890410958904109
1,26,41606.0,0.407624633431085
2,62,54721.0,1.0
3,77,15493.0,0.7272727272727273
4,84,126187.0,1.0
5,88,57947.0,0.25
6,11,8620.0,0.3005464480874317
7,16,45698.0,0.1845730027548209
8,23,18615.0,0.192200557103064
9,27,32818.0,0.2275449101796407
10,28,4465.0,0.2317073170731707
11,40,38523.0,0.1456953642384106
12,45,18316.0,0.173076923076923
