objective value,selected_test_case_num,decomposing,access,extime,embedding_time,qubit_num
0.0571493090433746,591.0,305.56922176480293,0.77687596,306.3460977248029,21.38403826736645,56.32142857142857
