objective value,selected_test_case_num,embedding_time,extime,qubit_num
0.0001848812638425,3.0,186.30016457283566,0.8977662399999998,55.03125
