,index,time,rate
0,14,43986.0,0.1895604395604395
1,28,4465.0,0.2317073170731707
2,49,10053.0,0.1530944625407166
3,61,7606.0,0.1806020066889632
4,74,11878.0,0.2289562289562289
5,84,126187.0,1.0
6,86,78821.0,0.6428571428571429
7,22,41863.0,0.1943734015345268
8,4,45758.0,0.211734693877551
9,48,32093.0,0.15359477124183
10,77,15493.0,0.7272727272727273
11,80,29406.0,0.7043010752688172
