,index,time,rate
0,0,39050.0,0.1338383838383838
1,15,15059.0,0.1900826446280991
2,19,2355.0,0.1888888888888888
3,3,39057.0,0.0736842105263157
4,30,475631.0,0.6
5,59,7798.0,0.1833333333333333
6,62,54721.0,1.0
7,84,126187.0,1.0
