objective value,selected_test_case_num,decomposing,access,extime,embedding_time,qubit_num
0.0431217518129796,103.0,3.850665759295225,0.32162324,4.172288999295225,3.6427385766446676,17.25
