objective value,selected_test_case_num,decomposing,access,extime,embedding_time,qubit_num
0.0156243937741975,11.0,38.301984595134854,3.4511186000000014,41.753103195134855,6262.13601413518,815.85
