objective value,selected_test_case_num,embedding_time,extime,qubit_num
0.0397358086353576,475.0,3151.404473557704,1.5991465899999997,822.5531914893617
