objective value,selected_test_case_num,decomposing,access,extime,embedding_time,qubit_num
0.0537533412949831,562.0,70.57215492241085,0.27875779,70.85091271241085,2115.681451639264,2594.1428571428573
