objective value,selected_test_case_num,decomposing,access,extime,embedding_time,qubit_num
0.0577326625158929,595.0,171.00630430690944,0.48579351999999987,171.49209782690943,100.81185310869274,213.5625
