objective value,selected_test_case_num,decomposing,access,extime,embedding_time,qubit_num
0.0188310051866244,13.0,0.151158945634961,0.13236347999999998,0.283522425634961,53.71927963528206,494.5
