objective value,selected_test_case_num,embedding_time,extime,qubit_num
0.0001746588915693,4.0,182.01153732647646,0.8889646400000002,55.21875
