objective value,selected_test_case_num,decomposing,access,extime,embedding_time,qubit_num
0.0523969596129843,546.0,82.80152756907046,0.31378416,83.11531172907046,2563.413432145211,1866.875
