objective value,selected_test_case_num,decomposing,access,extime,embedding_time,qubit_num
0.0199620876599269,70.0,1.385730167850852,0.16561827999999998,1.551348447850852,1611.020803924599,2962.5
