objective value,selected_test_case_num,decomposing,access,extime,embedding_time,qubit_num
0.0194171497179774,69.0,1.3944352436810732,0.16467868000000002,1.5591139236810732,1453.0014718321738,3213.75
