objective value,selected_test_case_num,decomposing,access,extime,embedding_time,qubit_num
0.0565791482191715,583.0,220.2164322156459,0.5836218,220.8000540156459,57.86641132081099,121.35
