objective value,selected_test_case_num,embedding_time,extime,qubit_num
0.0361369115467051,437.0,2284.228361962541,1.83906758,627.1481481481482
