objective value,selected_test_case_num,embedding_time,extime,qubit_num
0.0384218331121937,448.0,7619.428414442641,1.15067353,2287.9310344827586
