objective value,selected_test_case_num,decomposing,access,extime,embedding_time,qubit_num
0.033609232907617,24.0,0.1562441196292637,0.11813347999999999,0.27437759962926367,27.719283034754298,208.5
