objective value,selected_test_case_num,embedding_time,extime,qubit_num
0.0251519412180996,267.0,1862.0561313942383,10.284521309999986,17.266318537859007
