objective value,selected_test_case_num,embedding_time,extime,qubit_num
0.041247205029407,473.0,9016.062175656602,1.1453355299999999,2230.0344827586205
