objective value,selected_test_case_num,embedding_time,extime,qubit_num
0.000237819083246,6.0,153.0781371195294,0.5890145699999999,123.14285714285714
