objective value,selected_test_case_num,embedding_time,extime,qubit_num
0.0008221004278617,12.0,269.6238989276941,0.37201123999999997,325.4166666666667
