objective value,selected_test_case_num,embedding_time,extime,qubit_num
0.0393159156870672,456.0,8577.374523148721,1.08709599,2629.185185185185
