,T1236,T1258,T1439,T1539,T1551,T392,T461,T612,T625,T987,chain_break_fraction,energy,num_occurrences
0,1,0,0,0,0,0,0,0,0,1,0.0,0.029902570797948416,54
1,1,0,1,0,0,0,0,0,0,0,0.0,0.033364319598926426,27
2,0,0,1,0,0,0,0,0,0,1,0.0,0.03359789027410566,12
3,1,0,0,0,0,0,0,0,0,0,0.0,0.03721062967883731,1
4,0,0,0,0,0,0,0,0,0,1,0.0,0.03736207326657158,2
5,0,0,0,0,0,0,0,0,1,1,0.0,0.04411221561031865,2
6,1,0,0,1,0,0,0,0,0,0,0.1,0.042944836396139996,1
7,1,0,0,0,0,0,1,0,0,1,0.1,0.044622186370721184,1
