,index,time,rate
0,123,2888.611675126904,0.0025380710659898
1,197,31607.147117296223,0.003976143141153
2,269,11702.973837209302,0.002906976744186
3,285,385.77777777777777,0.1111111111111111
4,218,2424.2917847025496,0.0028328611898017
5,6,92685.55118924507,0.3805584281282316
6,282,31482.00649350649,0.0324675324675324
7,286,17009.0,1.0
8,46,67737.81924686192,0.009205020920502
9,201,11902.74,0.0033333333333333
