objective value,selected_test_case_num,decomposing,access,extime,embedding_time,qubit_num
0.0557845612944804,580.0,96.57110091485083,0.29433856,96.86543947485083,1290.1354600672723,1288.625
