objective value,selected_test_case_num,decomposing,access,extime,embedding_time,qubit_num
0.0287895707048236,84.0,1.8535743709653616,0.17314462,2.0267189909653616,51.00870110830796,208.16666666666666
