,index,time,rate
0,134,127995.7731629393,0.047923322683706
1,26,109417.90866141731,0.0771653543307086
2,281,4851.172727272728,0.8454545454545455
3,68,3472.0872093023254,0.002906976744186
4,257,6237.691176470588,0.0073529411764705
5,286,17009.0,1.0
6,6,92685.55118924507,0.3805584281282316
7,175,226665.04119850183,0.8426966292134831
