objective value,selected_test_case_num,embedding_time,extime,qubit_num
0.0003832612341392,8.0,221.05053027249878,0.46044032,214.0625
