objective value,selected_test_case_num,decomposing,access,extime,embedding_time,qubit_num
0.0641685761141415,643.0,589.9295247737318,1.4117584099999994,591.3412831837318,11.67608088981291,17.150943396226417
