objective value,selected_test_case_num,embedding_time,extime,qubit_num
0.0425285994135611,487.0,4120.470132196957,1.2995909799999998,1581.9411764705883
