objective value,selected_test_case_num,decomposing,access,extime,embedding_time,qubit_num
0.0400002855188609,27.0,0.17524405382573569,0.15975222,0.3349962738257357,3.089161520739226,17.833333333333332
