objective value,selected_test_case_num,embedding_time,extime,qubit_num
0.0014020321738855,17.0,1224.7575851663896,0.16108667999999998,2627.5
