objective value,selected_test_case_num,decomposing,access,extime,embedding_time,qubit_num
0.0538885374743195,564.0,70.73606613650918,0.2810941899999999,71.01716032650918,2578.4627410897183,2317.4285714285716
