objective value,selected_test_case_num,embedding_time,extime,qubit_num
0.0253122340183942,272.0,1859.8798219493967,10.212616510000002,17.227154046997388
