objective value,selected_test_case_num,decomposing,access,extime,embedding_time,qubit_num
0.0375278074511153,96.0,1.4990092422813177,0.14692624999999998,1.6459354922813176,87.34263806262194,322.0
