objective value,selected_test_case_num,decomposing,access,extime,embedding_time,qubit_num
0.0138337982774485,58.0,1.4299170058220625,0.16928108,1.5991980858220625,1850.0250127393679,3445.25
