objective value,selected_test_case_num,decomposing,access,extime,embedding_time,qubit_num
0.0522873283900891,557.0,71.3050709720701,0.28750779,71.5925787620701,2664.169967985853,3002.0
