objective value,selected_test_case_num,embedding_time,extime,qubit_num
0.0057529979923338,37.0,944.6692853018262,0.22339582,1266.6666666666667
