objective value,selected_test_case_num,decomposing,access,extime,embedding_time,qubit_num
0.0578803413755297,598.0,173.38923115469515,0.47309472,173.86232587469516,130.7250910908193,215.5
