objective value,selected_test_case_num,decomposing,access,extime,embedding_time,qubit_num
0.030849393705513,87.0,1.490061268210411,0.14764025,1.637701518210411,94.99018545324839,470.2
