objective value,selected_test_case_num,decomposing,access,extime,embedding_time,qubit_num
0.0273553998016699,82.0,1.452698091045022,0.15563828,1.608336371045022,1132.7667862990393,1880.0
