,index,time,rate
0,12,38936.0,0.3043478260869565
1,14,43986.0,0.1895604395604395
2,27,32818.0,0.2275449101796407
3,62,54721.0,1.0
4,64,7104.0,0.23
5,84,126187.0,1.0
6,11,8620.0,0.3005464480874317
7,49,10053.0,0.1530944625407166
8,8,21643.0,0.1989247311827957
