,index,time,rate
0,16,45698.0,0.1845730027548209
1,17,42900.0,0.1823204419889502
2,62,54721.0,1.0
3,70,7976.0,0.2416107382550335
4,73,41660.0,0.2315436241610738
5,86,78821.0,0.6428571428571429
6,26,41606.0,0.407624633431085
7,59,7798.0,0.1833333333333333
8,72,35769.0,0.2289562289562289
9,75,13335.0,0.2297297297297297
10,84,126187.0,1.0
