objective value,selected_test_case_num,decomposing,access,extime,embedding_time,qubit_num
0.0410016699328871,27.0,0.16965986788272822,0.15715822,0.3268180878827282,3.122064957582025,16.5
