objective value,selected_test_case_num,decomposing,access,extime,embedding_time,qubit_num
0.0518898317214457,552.0,102.67228161171079,0.3427376999999999,103.01501931171079,496.05546853770363,801.5
