objective value,selected_test_case_num,embedding_time,extime,qubit_num
0.0002087327418205,2.0,332.0136386945606,1.7306964800000002,17.359375
