objective value,selected_test_case_num,decomposing,access,extime,embedding_time,qubit_num
0.021677956275045,73.0,1.4215594325214624,0.16352267999999998,1.5850821125214625,1105.0249436137374,2576.75
