,objective value,selected_test_case_num,extime
0,0.024004709144751918,243,86.06571936607361
