objective value,selected_test_case_num,embedding_time,extime,qubit_num
0.0025626471276264,24.0,943.4733548574029,0.25183459,1058.142857142857
