,index,time,rate
0,227,195354.5710955711,0.0209790209790209
1,280,5241.880733944954,0.8440366972477065
2,129,135.26666666666668,0.2666666666666666
3,105,225282.7291960508,0.0409026798307475
4,146,148781.44562334218,0.0079575596816976
5,175,226665.04119850183,0.8426966292134831
6,86,12539.88498402556,0.1038338658146964
7,281,4851.172727272728,0.8454545454545455
8,19,119390.47293447291,0.0883190883190883
