objective value,selected_test_case_num,decomposing,access,extime,embedding_time,qubit_num
0.0314874801773767,88.0,1.8652066532522438,0.17580182,2.0410084732522438,52.76960531541209,214.0
