objective value,selected_test_case_num,embedding_time,extime,qubit_num
0.0262561732046044,287.0,1329.5677204720168,2.3244857199999993,330.0263157894737
