objective value,selected_test_case_num,decomposing,access,extime,embedding_time,qubit_num
0.0491868852412587,110.0,1.3271934129297733,0.15007228,1.4772656929297734,303.6846889856653,1158.75
