objective value,selected_test_case_num,decomposing,access,extime,embedding_time,qubit_num
0.0633232893834863,635.0,587.8734086733311,1.4144604100000011,589.2878690833311,11.787325087367384,16.9811320754717
