,index,time,rate
0,62,54721.0,1.0
1,70,7976.0,0.2416107382550335
2,71,41012.0,0.2416107382550335
3,75,13335.0,0.2297297297297297
4,77,15493.0,0.7272727272727273
5,79,5035.0,0.2458333333333333
6,82,44878.0,0.2784810126582278
7,83,50667.0,0.1964285714285714
8,85,112842.0,0.0454545454545454
9,88,57947.0,0.25
