objective value,selected_test_case_num,decomposing,access,extime,embedding_time,qubit_num
0.0229892155379019,75.0,1.3393355160951612,0.15992188,1.4992573960951612,996.7604000893152,2303.75
