objective value,selected_test_case_num,embedding_time,extime,qubit_num
0.0032981956604835,28.0,885.579235431634,0.25273979,1050.857142857143
