objective value,selected_test_case_num,embedding_time,extime,qubit_num
0.0397300441657746,469.0,3309.655274159878,1.6214725900000002,823.3617021276596
