objective value,selected_test_case_num,decomposing,access,extime,embedding_time,qubit_num
0.0602386607452131,609.0,351.75389753468335,0.79069076,352.54458829468336,22.333916359709242,55.75
