,objective value,selected_test_case_num,extime
0,0.01192585054710063,6,0.4469730854034424
