objective value,selected_test_case_num,decomposing,access,extime,embedding_time,qubit_num
0.0294701017690933,85.0,1.2219464387744663,0.15342828,1.3753747187744663,906.9954844813603,1560.0
