objective value,selected_test_case_num,decomposing,access,extime,embedding_time,qubit_num
0.0519912591573207,547.0,69.41843763366342,0.28252458999999996,69.70096222366341,1722.8619544612325,2700.714285714286
