objective value,selected_test_case_num,embedding_time,extime,qubit_num
0.025061361032884,273.0,1078.1267067277834,2.819326749999999,213.98947368421054
