objective value,selected_test_case_num,embedding_time,extime,qubit_num
0.0378075713062393,453.0,2461.6664772229196,1.8192903799999998,618.4444444444445
