objective value,selected_test_case_num,decomposing,access,extime,embedding_time,qubit_num
0.0556936591596292,581.0,216.68864493444562,0.5689837999999999,217.25762873444563,57.0218262567758,123.1
