objective value,selected_test_case_num,embedding_time,extime,qubit_num
0.0423585517004155,493.0,4792.97191886021,1.2934829799999996,1547.6764705882354
