objective value,selected_test_case_num,embedding_time,extime,qubit_num
0.0022977259711818,23.0,1481.234562570766,0.16410547999999997,3121.75
