objective value,selected_test_case_num,decomposing,access,extime,embedding_time,qubit_num
0.0482712517459901,109.0,1.165767703205347,0.14093748,1.3067051832053471,292.1631511888977,1047.0
