,index,time,rate
0,12,38936.0,0.3043478260869565
1,13,11597.0,0.1890410958904109
2,53,39443.0,0.1590909090909091
3,62,54721.0,1.0
4,65,31554.0,0.2341137123745819
5,80,29406.0,0.7043010752688172
6,81,22496.0,0.0448430493273542
7,83,50667.0,0.1964285714285714
8,88,57947.0,0.25
