objective value,selected_test_case_num,decomposing,access,extime,embedding_time,qubit_num
0.0159304382164652,9.0,36.65933372825384,3.4628198000000006,40.12215352825384,6382.845060456326,823.69
