,index,time,rate
0,10,19658.0,0.1825613079019073
1,12,38936.0,0.3043478260869565
2,47,28828.0,0.2347266881028939
3,53,39443.0,0.1590909090909091
4,62,54721.0,1.0
5,80,29406.0,0.7043010752688172
6,84,126187.0,1.0
7,30,475631.0,0.6
8,49,10053.0,0.1530944625407166
9,11,8620.0,0.3005464480874317
10,43,2254.0,0.1521035598705501
11,77,15493.0,0.7272727272727273
