objective value,selected_test_case_num,embedding_time,extime,qubit_num
0.0154108988805867,12.0,77.12170683903565,0.08998310999999999,499.0
