,index,time,rate
0,78,10111.0,0.3172690763052209
1,80,29406.0,0.7043010752688172
2,84,126187.0,1.0
3,30,475631.0,0.6
4,62,54721.0,1.0
5,77,15493.0,0.7272727272727273
6,86,78821.0,0.6428571428571429
7,40,38523.0,0.1456953642384106
8,9,45545.0,0.1852861035422343
