objective value,selected_test_case_num,decomposing,access,extime,embedding_time,qubit_num
0.0534757346303519,557.0,98.60090325959027,0.29598176,98.89688501959027,1604.9568931657327,1542.625
