objective value,selected_test_case_num,embedding_time,extime,qubit_num
0.024500079010131,250.0,992.1464941383848,3.6841201900000025,122.66929133858268
