,index,time,rate
0,286,17009.0,1.0
1,280,5241.880733944954,0.8440366972477065
