objective value,selected_test_case_num,decomposing,access,extime,embedding_time,qubit_num
0.0391011731056513,98.0,3.9318265449255705,0.31385244,4.24567898492557,3.6644189996715166,16.833333333333332
