,index,time,rate
0,286,17009.0,1.0
1,175,226665.04119850183,0.8426966292134831
2,6,92685.55118924507,0.3805584281282316
