objective value,selected_test_case_num,embedding_time,extime,qubit_num
0.0002084843465957,3.0,170.89264000815243,0.58293377,122.52380952380952
