objective value,selected_test_case_num,embedding_time,extime,qubit_num
0.012319812595534,6.0,57.224586249155266,0.08190750999999999,334.3333333333333
