objective value,selected_test_case_num,decomposing,access,extime,embedding_time,qubit_num
0.0539968975533499,570.0,125.80395320616663,0.3869644399999999,126.19091764616662,262.69804658961596,463.1666666666667
