objective value,selected_test_case_num,embedding_time,extime,qubit_num
0.0121873935196965,8.0,33.036890158298945,0.16127501999999996,124.5
