objective value,selected_test_case_num,embedding_time,extime,qubit_num
0.0247741182851778,254.0,1081.7222575362102,5.364755469999996,56.09424083769633
