objective value,selected_test_case_num,embedding_time,extime,qubit_num
0.0246867014018396,257.0,1074.8828955657077,2.849001549999999,215.42105263157896
