,index,time,rate
0,62,54721.0,1.0
1,72,35769.0,0.2289562289562289
2,75,13335.0,0.2297297297297297
3,76,14507.0,0.2331081081081081
4,79,5035.0,0.2458333333333333
5,81,22496.0,0.0448430493273542
6,82,44878.0,0.2784810126582278
7,83,50667.0,0.1964285714285714
8,84,126187.0,1.0
9,87,48599.0,0.2
