objective value,selected_test_case_num,embedding_time,extime,qubit_num
0.0396001894362415,472.0,3633.7045218724666,1.6005873899999998,825.5957446808511
