,index,time,rate
0,62,54721.0,1.0
1,72,35769.0,0.2289562289562289
2,73,41660.0,0.2315436241610738
3,76,14507.0,0.2331081081081081
4,78,10111.0,0.3172690763052209
5,79,5035.0,0.2458333333333333
6,80,29406.0,0.7043010752688172
7,81,22496.0,0.0448430493273542
8,82,44878.0,0.2784810126582278
9,86,78821.0,0.6428571428571429
10,87,48599.0,0.2
11,88,57947.0,0.25
