objective value,selected_test_case_num,decomposing,access,extime,embedding_time,qubit_num
0.0167892015644509,12.0,0.1744674481451509,0.13561707999999997,0.31008452814515086,193.07710912745006,633.75
