objective value,selected_test_case_num,decomposing,access,extime,embedding_time,qubit_num
0.0300410889080627,86.0,1.552942743524909,0.15816104999999997,1.711103793524909,153.0370547097989,465.4
