objective value,selected_test_case_num,embedding_time,extime,qubit_num
0.0488115057667118,548.0,5356.963115618633,1.4046600599999999,1248.6052631578948
