objective value,selected_test_case_num,decomposing,access,extime,embedding_time,qubit_num
0.053672018046209,562.0,216.50172939896584,0.5730441999999998,217.07477359896583,57.28586599366682,122.05
