objective value,selected_test_case_num,decomposing,access,extime,embedding_time,qubit_num
0.0431701717219946,103.0,1.2200926132500172,0.15090228,1.370994893250017,625.3539056392639,1564.75
